"opt_clust","Fibroblast","Cardiac Myocycte"
"1","5",-0.122214009849946,0.190251039555979
"2","6",0.646318955488261,-0.474995229244945
